dial_id,utterance,strategy1,strategy2
1,"Therapist: Hi, Natalie. I'm Dawn.
Client: Hi, Dawn. Nice to meet you.
Therapist: Nice to meet you, too. Thanks for coming in today.
Client: Thanks for having me.
Therapist: Yeah. Tell me a little bit about yourself.
Client: So I am, um, 28. And I moved out to Arizona about six months ago. Um, I really enjoy spending time with my family and hanging out with friends whenever I can. Work keeps me pretty busy. Um, But I'm really, um, looking to kind of make some changes to my diet and physical activity. I'm not really happy with where my weight's at right now, and, uh, so I thought it'd be good to come and talk with you about some of that stuff.
Therapist: Yeah, you're feeling a little bit dissatisfied with your health patterns?
Client: Yeah. Um, I'm really starting to notice how I feel more sluggish and just not-- My mood is shifted a lot too, which at first, I thought was because it's getting colder outside, um, but I do also think it maybe has some relation to my activity, or lack thereof, and also kind of the foods that I'm eating.
Therapist: Okay, so you're feeling some low energy and you know, in the past, when you've been more active and eating differently, you've had more energy?
Client: Right. Yeah. Especially during times when I'm more active is when I noticed the biggest cha-change in energy and mood.
Therapist: Yeah. Tell me more about that, those previous times that you've been active.
Client: Yeah. Um, well, I played sports in college, so that kept me pretty busy, and that was really fun, um, and I just think back now to, as much that I would cram into a 24 -hour period, and like, wonder how I did that, but I think that part of it was because I was so active physically, um, I just had way more energy throughout the day, mentally and physically to, um, you know, go to school full-time and-and still socialize with friends and do all that stuff. Um, so when I think back to like, probably like the peak of my life of when I felt my best physically, mentally it was that time.
Therapist: You had energy, and you were like the Energizer Bunny, just keep going and going and going.
Client: Yeah, yeah, exactly. And now it's not so much the same. Um, like when I get home from work, I'm pretty exhausted, uh, it takes a lot for me to want to be physically active when I've spent all day staring at a computer and thinking and working. And so, um, yeah, that's probably been my biggest, uh, issue is like when work ends, going home and not really doing anything. Um, just trying to like unwind by watching Netflix or something else, right?
Therapist: So your days are just as full now that you're working and a career person, um, and your energy level isn't what it used to be. What-- Do you have any ideas about why that might have shifted?
Client: Um, well, I think part of it is that when I was in college, it wasn't really an option to go, like, I had to go to practice or I had to do those things because that was, in a sense, my job that was paying for school, um, and now there's not that same commitment to other people or to scholarship money. So that definitely has shifted, um, but I-I do feel like a-an urgency to go it just doesn't seem that like the step that's missing is for me to actually go to a gym or somewhere to be more active. Like, I think I want to it's just the doing it that seems to not happen.
Therapist: Right. So in the past, it wasn't up to you whether you had the choice to go be physically active. Now it is up to you, and-and you're looking back at the last few years and saying, I wanna do things differently.
Client: Mm-hmm.
Therapist: I want to be more physically active than I've been.
Client: Yeah, yeah, I think so. Um, that's not to say like, I wanna go run a marathon but I do think that it would help me a lot in terms of just having a better outlook on life, um, and better energy to- if I were to pick up some type of activity.
Therapist: Great. And you've noticed a mood enhancement effect of exercise.
Client: Mm-hmm.
Therapist: Tell me more about that. What do you notice specifically about your mood on the days you're physically active?
Client: Just, I'm-I'm just happier and more upbeat and I think that even my outlook is more positive. So like, if I'm sitting in traffic, and I haven't been physically active, I'll probably grumble about it but if I'm sitting in traffic, and I have been, it's like, I just have a different outlook on things and I already feel like I've gotten something accomplished that day. So it just kind of like helps with that ripple effect into my day of like getting more things done.
Therapist: Yeah, you feel more accomplished and-and you feel less irritated by the small stuff.
Client: Mm-hmm. Yeah, exactly.
Therapist: Great. Well, let me see if I've got this all. You came to Arizona six months ago, you're trying to figure out new rhythms and patterns for yourself. You're looking back at the past few years, and in college, you were real active because you were an athlete, and now it's more up to you about making that choice of physical activity, and you're discovering that, um, not being active has affected your energy level and your mood, and that's something you're looking for more of, both of those things, energy and-and a mood booster.
Client: Yeah. And then also to, um, like I mentioned, I'm not totally happy with my weight, um, and so hoping too that that would have some impact there and-and maybe help me, um, if my activity kind of gets resolved or improves, then my nutrition also, maybe would go along with it and get better.
Therapist: Yeah. Tell me more about your weight concerns. When did you start feeling dissatisfied with your body?
Client: Uh, probably about three, four months ago. Um, yeah, just my clothes started fitting tighter, which wasn't as comfortable, and, um, yeah, just not really super happy with my appearance, which has never really been an issue, um, in my life up until now. I've usually been pretty okay with that, and then in the last three months, I just feel, um, like I've had a lot more of a negative outlook on it.
Therapist: Mm-hmm. Okay, so it sounds like a sort of a vicious cycle and-and maybe the lacking physical activity has made you feel less confident in yourself. I wonder if that's also a piece of this puzzle since you mentioned that's been a big difference from what was happening in the past.
Client: Yeah, I think- I think the activity piece and then also to like, the foods that I'm eating, I don't think are that great. So that also kind of does the same thing, I think, to my appearance or the way that I viewed myself.
Therapist: Okay. So you had a pretty strong self-confidence, pretty strong body image all the way up until a few months ago and, um, you're hoping to kind of get back to that place where you feel good about yourself.
Client: Mm-hmm. Yeah.
Therapist: Great.",,
2,"Therapist: Good day, Scott. How are you today?
Client: Hi.
Therapist: Earlier, we briefly discussed your interest in discussing exercising. Is that still something you'd like to talk about?
Client: Yes.
Therapist: What's been happening in regards to exercising?
Client: Well, I'm having trouble getting back to the gym. I used to work out regularly, but in the past couple of years, I've stopped going. I got busy, and now I've fallen out of the habit. I feel like I need to get back into it.
Therapist: I understand. It might help if you take a moment to write down a list of reasons why you feel the need to return to the gym. On the other side of the list, jot down some ideas on how you can overcome the obstacles and make it happen.
Client: Okay, that sounds reasonable.
Therapist: Which gym are you a member of?
Client: I belong to the Sport Fitness Center.
Therapist: Alright. And how far is it from your home?
Client: It's just a couple of miles away.
Therapist: Oh, that's not too far. Have you considered riding a bike or walking to the gym? It could be a convenient option.
Client: If I walked that distance, maybe I wouldn't even need to go to the gym, right?
Therapist: Walking is beneficial for cardiovascular health, but it's important to focus on both cardiovascular exercise and weightlifting for a well-rounded fitness routine.
Client: Right, weightlifting is important too.
Therapist: Absolutely.
Client: It would make a difference.
Therapist: Yes. So, what do you hope to achieve through exercising? Is it primarily about changing your appearance?
Client: Well, I would feel better about myself. I want to be able to fit into my clothes comfortably. I've gained some weight around my midsection, and I'd like to get back to where I was, around a thirty-four or thirty-six waist size.
Therapist: I see.
Client: It's about feeling more comfortable and better overall.
Therapist: I understand your perspective. Your well-being is more important than just your physical appearance. While fitting into your jeans would be nice, prioritizing your health is crucial.
Client: Yes, I agree. I'm not getting any younger.
Therapist: Indeed. You've been through this before, and you know what needs to be done.
Client: Yes.
Therapist: It's just a matter of taking action.
Client: I need to make time for it.
Therapist: Exactly.
Client: I have to prioritize it.
Therapist: That might mean sacrificing an hour of sleep and waking up earlier to fit in your exercise routine. Personally, I find it helpful.
Client: Yes, I understand.
Therapist: Great. So, when I see you next time, I'd like you to try waking up an hour earlier and experimenting with incorporating exercise into your mornings. And remember to bring back the list we discussed.
Client: Okay, I'll give it a try.
Therapist: Excellent. I'll see you next week then.
Client: Okay. Thank you.
Therapist: You're welcome. Goodbye, and take care.",,
3,"Therapist: Hi, Mrs. Smith. I'm Denise, the exercise coach here at the clinic. I work with people like you who have recently returned home from rehab. How have things been going since you got home?
Client: Pretty good.
Therapist: That's great to hear. What specifically are you enjoying about being home?
Client: I'm glad to see my dog and it feels good to be home.
Therapist: That's wonderful. How have your physical therapy and Tai Chi sessions been going?
Client: I didn't attend them this week. I had a little semi-fall, and I feel like I may have been pushing myself too hard.
Therapist: I understand. It's important to find the right balance. What are your concerns regarding falling?
Client: I'm worried about getting hurt and not being able to stay home. I want to do what it takes to stay safe.
Therapist: I hear you. Let's work together to create a plan that helps you feel safe at home. One suggestion is getting a lifeline or emergency button for quick assistance. How does that sound?
Client: That's a good idea. I definitely want to do that.
Therapist: Great. We can also arrange a refresher on home safety and consider connecting you with case management services for additional support. Additionally, returning to Tai Chi and seeking support at the senior center may be beneficial. What are your thoughts on these suggestions?
Client: I'm willing to try again. It's scary, but I want to stay in my home.
Therapist: Your determination is admirable. We'll take it one step at a time, and I'm here to support you along the way. Remember, staying active can reduce the risk of falling. You're doing great.
Client: Thank you. I appreciate the help and support.
Therapist: You're welcome. Let's continue working together to ensure your safety and well-being at home.",,
4,"Therapist: Hi, Scott.
Client: Hey.
Therapist: You mentioned wanting to talk about exercise. Where should we start?
Client: Well, I used to work out a lot, had a gym routine, even ran a half marathon.
Therapist: Impressive. What changed?
Client: My schedule got busier, and I made excuses instead of making time for exercise.
Therapist: I see. What did you enjoy about running?
Client: The adrenaline rush, feeling good about myself, and building self-esteem.
Therapist: Running meant a lot to you. Any other activities you like?
Client: I enjoy the elliptical and biking at the gym.
Therapist: Good options. What would help you get back into it?
Client: Making time, finding motivation, and maybe setting a new goal.
Therapist: How about finding someone to exercise with or seeking immediate feedback?
Client: That's a great idea. I'll consider it.
Therapist: Start by getting to the gym once and take it from there. Three times a week could be a good target.
Client: Yeah, that sounds doable. I'll give it a try.
Therapist: Excellent. Remember to listen to your body and enjoy the process.
Client: Will do. Thanks.
Therapist: You're welcome. Take care.",,
5,"Therapist: Hi, Mrs. Smith. Good to see you again. How's your rehab going at the facility?
Client: [signs] Kind of slow.
Therapist: Slow? In what way?
Client: Yeah.
Therapist: Can you tell me what activities they have you doing in rehab?
Client: Oh, they make me use different machines and stuff. It hurts.
Therapist: I'm sorry to hear that. Where are you experiencing pain?
Client: Almost every joint, especially my knees. The leg exercises they have me doing, are they really necessary?
Therapist: I understand that pain can be challenging, but during stroke rehab, it often indicates that your muscles and joints are getting back to work. It's a positive sign that your body is returning to normal.
Client: Okay.
Therapist: What are your long-term goals?
Client: I want to go home.
Therapist: Of course, that's important. What are some things you'd like to do once you're back home?
Client: Everything. I want to play with my dog, cook for myself. I'm an independent person and I want to take care of myself.
Therapist: That's great. Going home and regaining your independence are crucial goals. Have you thought about what it will take to achieve them?
Client: Maybe the rehab.
Therapist: Absolutely. It's also important to maintain an activity program once you're home. Have you heard of Tai Chi?
Client: Oh, yeah.
Therapist: You're familiar with it?
Client: Yes, a friend of mine does it and loves it.
Therapist: Tai Chi is an excellent way to regain balance after a stroke and prevent falls. If you want to enjoy activities like walking with your dog, preventing falls is crucial.
Client: Definitely. Falling is something I want to avoid.
Therapist: What do you think about trying Tai Chi? It could be something worth considering.
Client: I hadn't thought about it, but yeah, I guess I could try.
Therapist: When you start, you can do it while sitting in a chair. It's a safe way to begin, and the instructor can guide you. As you progress and feel more confident, you can gradually transition to standing with the support of a chair and eventually do it on your own.
Client: Can I really do it while still using a walker?
Therapist: Yes, you can. Talk to the instructor, and they'll accommodate your needs. Starting in a chair will help you gain confidence and learn the moves. Over time, you'll be able to do it independently.
Client: Do you recommend it?
Therapist: Absolutely. Tai Chi reduces the risk of falls by half and can also help reduce pain, although it may take three to six months of regular practice. It aligns with your goals of going home, playing with your dog, and being self-sufficient.
Client: Do you practice Tai Chi too?
Therapist: Yes, I do it three days a week, and it has significantly improved my balance.
Client: Oh, okay. Well, if it's going to help me get home and you recommend it, I'll give it a try.
Therapist: That's wonderful to hear. It was great seeing you again. I hope your rehab continues to progress well, and we can discuss this further at our next visit.
Client: Okay, sounds good.
Therapist: Thank you for coming in.",,
6,"Therapist: So there are a lot of different directions that we could take. Um, you've mentioned wanting to make changes in your physical activity. You've mentioned wanting to make changes in your eating habits and also just wanting more body confidence. Um, what- what's on your mind is as far as a- as a change topic for the rest of our session today?
Client: I think the activity piece is the kind of low-hanging fruit that I see. Um, I feel like it's gonna be harder for me to change some of my nutrition habits right out the gate, but if I can get into maybe an activity routine, that that could be good to help maybe some of the other changes happen later.
Therapist: Yeah. Okay. So physical activity is feeling like the easiest change to look at first.
Client: Yeah, I think so.
Therapist: Great. So tell me a little bit more about your motivators for getting started in being more physically active. I know you shared energy levels and I know you've shared, um, that you'd like to see a boost in your mood and feeling less irritable and stressed. Any other benefits that really make you wanna make this change right now?
Client: Yeah, I think just to feeling like physically stronger, um, like physically more able. Uh, last night I like struggled with the jar of salsa, like opening it. So I think that just stuff like that, um, you know, would be in addition to mood and being more productive and energy and all that stuff. Um, yeah, that that would be a definite end goal for me too. And then really to like, I think if I am more active, I think my body image or my body confidence would improve also.
Therapist: Yeah. So you're wanting to feel stronger so that you can open jars and other things and- and also just have a better sense of confidence.
Client: Mm-hmm.
Therapist: Great. So on a scale from zero to 10, zero being not at all ready to make a change in the area of physical activity, and 10 being let's- let's do this. I'm excited. I'm ready. Um, where- where do you fall on that scale?
Client: Hmm, I'd say I'm about an eight.
Therapist: Okay. So you're- you're feeling fairly motivated.
Client: Mm-hmm.
Therapist: Uh, why didn't you pick a six?
Client: Well, like I said, I just, I've identified like a lot of things that I think would be good. Um, if I were to be more active and I definitely wanna have that improved mood and energy, um, and feel better about myself. Um, so yeah, all of those things I think are what's really driving that- that rating.
Therapist: Okay. You're noticing there- there are too many great benefits to being physically active and, um, today you've mentioned energy, mood, strength and body confidence.
Client: Mm-hmm.
Therapist: Am I missing anything else?
Client: I don't think so.
Therapist: Okay. Those are the big ones for you.
Client: Yeah.
Therapist: Fantastic. Well, um, now we can start looking at if you're interested in how that might look-
Client: Mm-hmm, yeah.
Therapist: - and- and what activities you might end up, um, choosing.
Client: Yeah, that'd be great.
Therapist: Okay.",,
7,"Therapist: Hi, Liz. Well, thanks for meeting with me today.
Client: Sure.
Therapist: So what's something that you'd like to change or, um, work towards?
Client: Well, [sighs] I've been thinking about working out lately. I really want to start working out again. It's-it's been in my mind, I know I need to do it. It's just getting the motivation to do it.
Therapist: And you've been talking about that a lot lately. So I really-
Client: Mm-hmm.
Therapist: -feel like this is something that you need to do soon because, um, a lot of times, you're just a lot of talk. And then, there's no action. And if you really wanna see results, I think it's something that needs to be done. And, you know, stop being lazy about it and just do it.
Client: Well, I don't know if I'm really being lazy about it. I think it's just that I have a busy schedule.
Therapist: Yeah.
Client: I just need to find the time to do it. And, yes, I might be lacking a little bit of motivation, but I think it's more timing and trying to fit it in.
Therapist: And that sounds like a lot of excuses to me. So I feel like you had shared with me before that you do have a gym membership. So I think that's something that you just need to fit in your schedule. So for you to really see results that you want, my guess is you need to go about three to four times a week and really fit in that hour workout, um, on a daily basis.
Client: But I think that part of the problem is that I-I don't have three to four times- three to four times a week to do it, or an hour even. I mean, hour is a long time because if I'm working out for an hour that means I'm leaving home to get there-
Therapist: Mm-hmm.
Client: -time there, time back. I mean, it's not just an hour, it's like two hours, realistically.
Therapist: And it seems like if you really want to see the results you have to put the time in. And if it's gonna take you two hours, then it's gonna take you two hours. And, again, if you want the results that you want, you need to start, and you need to start now.
Client: Well, oh, um, okay.
Therapist: All right. Well, um, I look forward to talking to you tomorrow. And I'm hoping that you're gonna be able to tell me that you went to the gym.
Client: Okay.
Therapist: Thanks.",,
8,"Therapist: Well, I'm glad we figured that out and I think you'll feel better over the next few days.
Client: Oh, thanks so much doctor. I'll just take it easy for a couple of days.
Therapist: Well, since I have you here and we still have a few minutes left, I'd like to bring up another topic. I noticed that your blood pressure and your weight have been climbing a bit over the past few years. We haven't really had time to talk about this much before and I may be able to offer some useful strategies. Would it be okay if we discussed weight and health for a few minutes?
Client: Yeah, I suppose. I know my weight is a problem, but every time I try to take it off, I end up gaining it back. I don't know what to do.
Therapist: I know how you feel. Managing weight can be frustrating. Maybe we can just start trying to figure it out together and I'll be here to help you through the challenges.
Client: Okay, thank you doctor, but I'm just concerned about how I can possibly lose weight now since work is so busy and the kids take up so much of my time.
Therapist: Yeah, that's certainly understandable. We both know that there's a lot that plays into weight management, but there's no need to figure it all out today, especially since things are so busy for you right now. Maybe we could put our heads together and think about something small that fits reasonably into your life and then we can take further steps when you're ready.
Client: Okay, that sounds great. So, what should I do?
Therapist: Well, let's see. One of the things that's involved in managing weight and health is being active. Physical activity benefits the whole body. It's healthy for our joints, our stress levels, and especially for weight management. Perhaps we could talk about some ways of adding activity that fit into your life.
Client: I knew you were gonna say that, but I don't have time in my schedule. I can't afford to take an hour to go to the gym every day.
Therapist: Well, I understand that. I don't have an hour to go to the gym every day either, but one of the great things about physical activity is that any amount in any type of activity can be very helpful. For example, let's think about some activities that you enjoy doing.
Client: I like to walk.
Therapist: Me too. Walking is great exercise.
Client: Wait a minute, isn't walking too mild to help you lose weight, though?
Therapist: Actually, even just a few minutes of walking is really healthy and worthwhile, and then when you have time to do even more, that's great. Walking is also great because you can do it anywhere, it doesn't need to be at the gym.
Client: Oh, wow, that sounds good. You know what? Come to think of it, I have some time before I have to go back to work and I saw a nice park on the way over here, maybe I can take a short walk after this appointment.
Therapist: That sounds great.
Client: And you know what? I used to really love to dance, but I haven't done that in such a long time.
Therapist: Well, dancing is a great exercise, especially because it's fun.
Client: Hmm. And I know my family would support me if I could just find some place where I can go dancing.
Therapist: Oh, that's great to hear that your family is so supportive. And I bet there's a dance class somewhere around where you live or maybe even a dance fitness class at the gym.
Client: Yeah, and you know what? I really like to try that.
Therapist: Would you like to do some research on this and give it a shot?
Client: Actually, I really would. I'm kind of excited about it. What else you got?
Therapist: Well, small steps can go a long way. So, even things like taking the stairs instead of the elevator every once in a while or parking just a bit further from the door when you go to a store can be ways to increase movement in your day.
Client: Mm-hmm. I can do that.
Therapist	How about we start there and let's plan to follow up in a few weeks so we can see how it's going and then maybe talk about some other strategies that might help.
Client: Diet, the D word.
Therapist: Not necessarily. What we eat is certainly important for weight and health, but just like we did today, we can talk about some small steps that can fit into your life, and especially ones that you feel good about.
Client: Yeah, I like that. Okay, I'll make an appointment and I'll start dancing right away, doc.
Therapist: That's great. I'll see you soon",,
9,"Therapist: Okay. So what ideas do you have, Natalie for, um, getting started in adding more physical activity?
Client: Well, I think, um, like when I was really active in the past, I enjoy going to the gym and I like that regardless of what's happening with the weather outside, that-that's always an option. Um, so I've kind of already started to look and see, like, how much gym memberships cost in the area. Um, I really like one that's like month to month and doesn't require me to pay out for like a year because, in the summertime, I just don't use that when the weather is nice, I like to be outside.
Client: So, um, I do think that that would be an option. Um, I did enjoy doing yoga in the past. I, um, I don't care for swimming, uh, because it requires a lot of extra prep time, and like, I don't- chlorine in my hair just doesn't really go very well usually. Um, but I really like walking, um, weightlifting, running is okay. Um, that was more at my, like, peak activity level, so I don't think I could start out running now, but I'd like to work up to it.
Therapist: Great. It sounds like there are a lot of activities that you do like-
Client: Mm-hmm.
Therapist: -and I'm hearing a theme of climate control, [chuckles] being important to you and you've already been researching gyms.
Client: Mm-hmm.
Therapist: Tell me more about that.
Client: ""Yeah. So I just- on my phone, if I'm like in the grocery store, I'm kind of just looking through, and on Google, I'll type in like """"Gyms in the area"""" and I'll look and see what's there. And, um, I don't ever want to sign up to learn more 'cause I feel like then they just keep emailing you forever. So at this point, I'm just trying to kind of figure out what I can, based on their website as far as cost goes, but that, um, month to month is kind of really important for me. Just like I mentioned, I don't want to be paying for six months or a year out.""
Therapist: Right. Okay. So you're looking for some-something that's reasonably priced-
Client: Mm-hmm.
Therapist: -and that you don't have to sign a contract and you're right. It's hard to tell what the cost is just from looking on the website.
Client: Yeah.
Therapist: And I completely agree [laughs]about wanting to avoid the sales pitch-
Client: Mm-hmm.
Therapist: -um, element of it. What seems like a logical next step based on-- You've kind of already gotten the ball rolling. What feels like a logical next step?
Client: Yeah, I think, um, you know, I've kind of looked around and seen what I- what's available to me. Um, I think the next step would be to maybe go visit one place and just see, like, what equipment they have. Um, I also think too, I'd like to be outside when the weather permits. I like to walk. I just- I don't like rain or snow or cold, like, um, I don't like doing things when I'm just not in a climate that's enjoyable. So if there is, uh, decent weather, I think going outside and, you know, getting some steps in or just walking would be a good first start for me.
Therapist: Okay. So maybe visiting a gym and then also choosing a non-gym activity to sort of get started when the weather's permitting.
Client: Right. Yeah.
Therapist: I have one, um, idea that is jumping into my mind as you're talking. Is it okay if I share that?
Client: Sure. Yeah.
Therapist: I'm wondering about the price of the YMCA compared to other gyms. Uh, is that one that you have an interest in or have looked at already?
Client: I don't know that I've looked closely at that. I don't know much about their pricing or anything like that.
Therapist: Yes. And honestly, I don't either. [chuckles] I just suspect that it might be slightly cheaper than some of the more private gyms.
Client: I agree.
Therapist: So something to look into if you're interested.
Client: Yeah, definitely.
Therapist: And they-- I would suspect they'd be less sales pitch-oriented than a private gym. So it might be a safe place to explore first-
Client: Mm-hmm.
Therapist: -and to build some confidence in that conversation.
Client: Yeah, no, yeah. That's a good-good recommendation. I'll definitely check it out.
Therapist: Okay. Great. So, um, in addition to exploring the gym possibility, what sounds like a logical next step for a non-gym activity to get started, some small goal that feels doable, um, and you have control over because it doesn't require the perfect weather-
Client: Mm-hmm.
Therapist: -or the perfect gym?
Client: Yeah. I think, you know, finding ways to walk more would be good, um, even if that is inside somewhere. Uh, I've done the like trick of parking in the back of the parking lot and walking up to the store. Um, and like I've also been in Target and taken an extra lap, which is kind of dangerous too 'cause you might spend more money. Um, but I- I think if the weather's nice too, I would like to get outside and try to find a place to walk. Um, and two, I really did enjoy yoga, it's- it was good for my, like, flexibility and posture, and so I would be interested in maybe seeing too what classes are available in the area. I haven't looked at that at all.
Therapist: Okay. So exploring some yoga classes. Is-is doing yoga in your living room appealing to you at all?
Client: Home workouts have never really worked for me in the past just because there's so many distractions, and I can, like, set the mat out there and everything and get everything ready, like bottled water, everything's good to go. And then it just sits there and I don't actually do it, whereas if I go somewhere else, I'm already there. And so I'm doing it.
Therapist: That's great. It's important to know this about yourself, what works, and what doesn't work, and what you feel motivated to do. So, it sounds like we sort of have two small goals right now. One is to maybe visit the YMCA and-and find out how much that costs-
Client: Mm-hmm.
Therapist: -and the other goal being maybe just a walk, um, one time between now and the next time I see you. Um, and I say one time, you can, of course, go more than that, but just with snow in the forecast, it might be reasonable to start with a small goal like that and go for one nice day between now and a few weeks from now when I get to see you again. How do those two goals sound?
Client: No, that sounds good. I-I definitely think, um, I'll walk probably more than one time in the next couple of weeks, but, um, I also have this app on my phone that tracks my steps, uh, and it was like built into the phone. It's nothing I downloaded or anything. So I can also use that to kind of see if I'm getting more active 'cause right now I think I'm averaging like 2,000 steps a day, so it's like a lot of sitting.
Therapist: Okay. So you'd like to kind of get motivated with- with the use of an app and that might help you get started.
Client: Yeah, I think so.
Therapist: Okay, fantastic. So, on a scale from 0 to 10, 10 being really confident, I can research a gym and go for one walk, and zero being not at all confident, how are you feeling about these two small goals?
Client: I think I'm at a 10.
Therapist: Okay.
Client: Yeah. I think that, like I said, I think I'll find ways to walk. Um, and I'm at a point now where I've done as much research, I've found out as much information, I think, as I can on the gyms that are local here. Um, but I will check out the- the Y to see if it maybe is a bit cheaper and also a bit more, like, welcoming and doesn't require a- like, a six-month contract or anything like that. So I feel like those would both be good starts. Yeah.
Therapist: Wonderful. Are there any other barriers that would be helpful to sort of talk through?
Client: Um, well, if I'm trying to walk outside, the weather's always going to be one, but I, again, like I said, if I'm checking, uh, using the app on my phone to see my step count, I can maybe make more of a priority to walk indoors, um, and just find places inside that I could walk, even if it's just around the hallway or whatever that looks like-
Therapist: Okay. So being creative with your indoor space is a-is a solution you've come up with yourself for - f there just aren't any good days, nice days outside.
Client: Yeah, but hopefully there's one. So, yeah.
Therapist: Great. Well, you came in today feeling pretty discouraged about your energy levels and your mood and, um, feeling lousy about your body in general. And, uh, today we've talked about a small-small step to get started and you're hoping to experience some mood boost and some energy as you get rolling here. Um, how are you feeling about today's session?
Client: No, I feel really good. I think even coming in, I didn't have a like step-by-step idea of what I wanted to do next, but no, this has been helpful to know what those small steps are, and like you said, hopefully, I do start feeling better. Yeah.
Therapist: Great. Well, I look forward to checking in with you, and thanks so much for coming in.
Client: Thanks for having me. All right.",,
10,"Therapist: Hi, Sarah. It's good to see you again. How have you been since our last session?
Client: I've been okay, but I've been thinking a lot about my fitness and running goals.
Therapist: That's great to hear. What specifically would you like to focus on regarding your fitness and running?
Client: I want to improve my overall endurance and be able to run longer distances without getting tired.
Therapist: Excellent goal. What motivates you to achieve this? Are there any specific benefits you hope to gain?
Client: Well, I want to feel more confident in my running abilities and also experience the mental and physical health benefits that come with running regularly.
Therapist: Those are wonderful motivators. On a scale of zero to 10, how ready do you feel to make changes in your running routine and fitness habits?
Client: I would say I'm at a 7. I'm motivated, but I know I still have some challenges to overcome.
Therapist: That's a great starting point. We can work together to develop a plan that suits your current fitness level and helps you progress towards your goals.",,
11,"Therapist: Hello, Mark. How have you been since our last session?
Client: I've been thinking a lot about incorporating more physical activity into my daily routine.
Therapist: That's wonderful. What specific activities are you interested in exploring?
Client: I'm considering joining a local hiking group and also taking up swimming as a form of exercise.
Therapist: Those sound like great choices. What are your motivations for incorporating these activities into your routine?
Client: I want to improve my cardiovascular fitness, enjoy the outdoors more, and also meet new people who share similar interests.
Therapist: Those are excellent reasons. On a scale of zero to 10, how ready do you feel to make these changes in your physical activity routine?
Client: I would say I'm at a 9. I'm highly motivated and eager to get started.
Therapist: That's fantastic. With that level of motivation, we can work together to develop a plan that suits your interests and helps you achieve your goals.",,
12,"Therapist: Hi, Emily. It's nice to see you again. How have you been since our last session?
Client: I've been feeling a bit stagnant and I want to incorporate more physical activity into my daily life.
Therapist: That's great. What types of activities are you considering to add more movement to your routine?
Client: I've been thinking about trying yoga and also going for regular walks in the park.
Therapist: Wonderful choices. What are your motivations for adding these activities to your routine?
Client: I want to improve my flexibility, reduce stress, and enjoy the benefits of being in nature.
Therapist: Those are fantastic reasons. On a scale of zero to 10, how ready do you feel to make these changes in your physical activity routine?
Client: I would say I'm at a 6. I have some reservations, but I'm willing to give it a try.
Therapist: That's a great mindset. We can work together to address any concerns and find a way to incorporate these activities in a way that feels comfortable for you.",,
13,"Therapist: Hi, Alex. It's great to see you today. How have you been since our last session?
Client: I've been thinking about incorporating more physical activity into my daily routine.
Therapist: That's wonderful. What specific activities are you considering?
Client: I'm thinking about starting with brisk walking or jogging in the park.
Therapist: Excellent choices. What motivates you to incorporate physical activity into your routine?
Client: I want to improve my overall fitness, boost my energy levels, and feel more confident about my body.
Therapist: Those are fantastic motivators. On a scale of zero to 10, how ready do you feel to make changes in your physical activity routine?
Client: I would say I'm at a 9. I'm eager to start and make positive changes.
Therapist: That's fantastic. With that level of motivation, we can work together to develop a plan that suits your preferences and helps you achieve your goals.",,
14,"Therapist: Hi, tim. Well, thanks for meeting with me today.
Client: Sure.
Therapist: So what's something that you'd like to change or, um, work towards?
Client: Well, [sighs] I've been thinking about incorporating more physical activity into my daily routine. I really want to start leading a more active lifestyle. It's-it's been in my mind, I know I need to do it. It's just finding the motivation to get started.
Therapist: And you've been talking about that a lot lately. So I really-
Client: Mm-hmm.
Therapist: -feel like this is something that you need to do soon because, um, a lot of times, you're just a lot of talk. And then, there's no action. And if you really wanna see results, I think it's something that needs to be done. And, you know, stop making excuses about it and just do it.
Client: Well, I don't know if I'm really making excuses. I think it's just that I have a busy schedule.
Therapist: Yeah.
Client: I just need to find the time to incorporate exercise into my daily routine. And, yes, I might be lacking a little bit of motivation, but I think it's more about finding the right balance and making it a priority.
Therapist: And that sounds like a lot of excuses to me. So I feel like you had mentioned before that you enjoy walking. So I think that's something you can easily integrate into your day. Try going for a brisk walk during your lunch break or in the evenings. It doesn't have to be a huge time commitment, but consistency is key.
Client: But I think part of the problem is that I-I don't have a specific time slot for it. My schedule tends to vary, and it's hard to plan ahead.
Therapist: And it seems like if you really want to see the results, you have to prioritize it. Instead of waiting for the perfect time slot, try to be flexible and seize the opportunities that arise throughout your day. Even short bursts of physical activity can make a difference if done consistently.
Client: Well, oh, um, okay.
Therapist: All right. Well, um, I look forward to talking to you tomorrow. And I'm hoping that you'll have some positive updates on your efforts to incorporate more physical activity.
Client: Okay.
Therapist: Thanks.",,
15,"Therapist: So, Robert, any ideas on how to incorporate more physical activity into your routine?
Client: Well, I've been considering joining a gym on a month-to-month basis so that I have the option regardless of the weather. I've already checked out some gym memberships in the area to see their costs. I also enjoy walking, weightlifting, and yoga. Running was more intense for me, but I'd like to work up to it again.
Therapist: That's great to hear. It seems like you have several activities in mind. I also noticed that climate control is important to you, and you've already started researching gyms.
Client: Yes, I've been browsing gym options on my phone, looking for ones that offer month-to-month memberships. I prefer not to commit to long-term contracts, especially since I enjoy being outside when the weather is nice.
Therapist: I understand your preference for flexibility. It's challenging to determine the actual cost of a gym membership just from their website. Finding a reasonably priced option without a sales pitch can be a logical next step. Have you considered checking out the YMCA? It may be more affordable and less sales-oriented.
Client: I haven't looked into the YMCA specifically, but I agree that it's worth considering. I'll definitely explore it.
Therapist: Excellent. In addition to exploring the gym, what other small step can you take in terms of physical activity, regardless of the weather or the gym?
Client: I think incorporating more walking into my routine would be a good start, even if it's indoors. For example, I can park farther away in parking lots or take an extra lap when shopping. Additionally, I used to enjoy yoga, so I could look into local classes for that as well.
Therapist: That sounds like a great plan. It's important to acknowledge what works for you. So, for now, your goals are to visit the YMCA and go for a walk at least once before our next session. How confident do you feel about achieving these goals on a scale of 0 to 10?
Client: I'm at a 10. I believe I can achieve these goals and even go for more walks. I've done enough research on gyms, and I'm motivated to get started.
Therapist: That's fantastic to hear. If the weather doesn't cooperate, you can get creative and find indoor spaces for walking. Is there anything else we should discuss or any barriers you foresee?
Client: Weather is always a potential barrier for outdoor walks, but I can prioritize indoor walking and find suitable spaces. Hopefully, I'll have at least one nice day to go outside. Overall, I feel positive about today's session and the small steps we've discussed.
Therapist: I'm glad to hear that. You came in feeling discouraged, but now you have a clear plan to boost your mood and energy levels. I look forward to our next session. Thank you for coming in today.
Client: Thank you for your help.",,
16,"Therapist: Hello, how are you today?
Client: I'm doing well.
Therapist: Glad to hear it! How have you been doing with your physical activity goals?
Client: Okay, I think. It's been hard to meet some of the goals.
Therapist: Why do you think that is?
Client: Well, it's mostly because I don't feel safe going out alone in my neighborhood, especially at night. It's also challenging to coordinate with friends.
Therapist: I understand. Safety and coordination can be real barriers. In such cases, finding a reliable way to exercise indoors can be helpful.
Client: I've thought about that, but gym memberships are so expensive!
Therapist: Gym memberships are one option, but you could also try something simpler, like going to a mall and walking around. It provides a safe environment with plenty to look at, and there are stairs to climb too.
Client: Huh, yeah! I didn't think of that. I'll try that.",,
17,"Therapist: Good morning!
Client: How are you?
Therapist: I'm fine, thanks.
Client: Today, I wanted to discuss physical activity and its health benefits.
Therapist: Okay.
Client: Honestly, I've never felt the need to exercise much because I've always been naturally thin.
Client: Weight loss has never been a concern for me.
Client: Plus, I can eat whatever I want without gaining much weight.
Therapist: Well, you're fortunate, but it's important to remember that physical activity offers health benefits to everyone, regardless of weight or body mass index.
Therapist: Weight management is just one aspect. There are numerous other advantages to being physically active.
Client: Oh, I see. I never really considered that.
Therapist: Research shows that regular physical activity reduces the risk of heart disease, stroke, diabetes, and high blood pressure.
Therapist: Additionally, it boosts mood, energy levels, self-confidence, and even cognitive function.
Client: Wow, I had no idea. Maybe I should start incorporating more movement into my routine.",,
18,"Therapist: Hello there!
Client: Hi, how are you?
Therapist: I'm doing well, thank you.
Client: Today, I wanted to chat about physical activity and its impact on health.
Therapist: Sure, let's talk about it.
Client: Honestly, I've never been motivated to exercise much because I've always had a slim physique naturally.
Client: I've never had to worry about losing weight.
Client: I've also been lucky to eat whatever I want without any major consequences.
Therapist: It's great that you have a naturally slender build, but it's important to know that physical activity offers health benefits beyond weight management.
Therapist: These benefits apply to everyone, regardless of their body size.
Client: Oh, I never thought about it that way.
Therapist: Engaging in regular physical activity can help reduce the risk of heart disease, stroke, diabetes, and high blood pressure.
Therapist: It can also enhance mood, boost energy levels, increase self-confidence, and improve cognitive function.
Client: That's fascinating! I hadn't realized how much it could positively impact my overall well-being. I should consider incorporating more exercise into my routine.",,
19,"Therapist: Good morning!
Client: How are you?
Therapist: I'm fine, thanks. How about you?
Client: I've been feeling a bit sluggish lately.
Client: I think I need to start being more active.
Therapist: That's a great idea! Physical activity can do wonders for boosting your energy levels.
Therapist: It also improves sleep quality and helps manage stress.
Client: Really? I didn't know that.
Client: What kind of activities would you recommend?
Therapist: It depends on your preferences and fitness level.
Therapist: You could try brisk walking, cycling, dancing, or even joining a fitness class.
Client: I like the idea of dancing. It sounds fun!
Client: I'll give it a try and see how it makes me feel.",,
20,"Therapist: Hi there! How are you doing today?
Client: I'm feeling a bit overwhelmed, to be honest.
Client: I have a lot of responsibilities and never seem to find time for exercise.
Therapist: I understand how busy life can get. It's important to prioritize your health too.
Therapist: Regular physical activity can actually improve your productivity and help you manage stress better.
Client: That's true. I always feel better after a workout, but it's hard to find the motivation.
Therapist: Have you considered finding an exercise buddy or joining a group activity?
Therapist: Having someone to exercise with can make it more enjoyable and hold you accountable.
Client: That's a great idea! I'll talk to my friend and see if they're interested in joining me.",,
21,"Therapist: Hello! How are you today?
Client: I'm feeling a bit down, to be honest.
Client: I've been struggling with my body image and self-esteem lately.
Therapist: I'm sorry to hear that. Remember, physical activity can have a positive impact on your mental well-being too.
Therapist: It releases endorphins, which are natural mood boosters.
Client: I've heard about that, but I've never really tried it.
Client: I'm not sure where to start.
Therapist: Start with something you enjoy. It could be dancing, swimming, hiking, or even practicing yoga.
Therapist: Find an activity that makes you feel good about yourself and helps you appreciate your body's capabilities.
Client: That makes sense. I'll give it a try and see if it helps improve my mood.",,
22,"Therapist: Good afternoon! How have you been?
Client: Hi. I've been feeling quite restless lately.
Client: I spend most of my time sitting at a desk, and it's taking a toll on my physical well-being.
Therapist: I understand. Prolonged sitting can have negative effects on our health.
Therapist: Incorporating regular physical activity into your routine can counteract those effects.
Client: That sounds promising. But I'm not a fan of intense workouts.
Client: Is there something less strenuous that I can do?
Therapist: Absolutely. You can try low-impact exercises like yoga, tai chi, or gentle stretching routines.
Therapist: These activities improve flexibility, posture, and help relieve muscle tension.
Client: That sounds more manageable. I'll look into incorporating these exercises into my daily routine.",,
23,"Therapist: Hello, how are you today?
Client: I'm doing well, thank you.
Therapist: Glad to hear it! How have you been doing with your physical activity goals?
Client: Okay, I think. It's been a bit challenging lately.
Client: I've been struggling to find the motivation to exercise regularly.
Therapist: It's common to face challenges along the way. What do you think is holding you back?
Client: Well, I find it hard to make time for exercise amidst my busy schedule.
Client: Plus, I don't have any workout equipment at home.
Therapist: I understand. Have you considered incorporating short bursts of physical activity throughout your day?
Therapist: You can try doing quick exercises during breaks or opting for active transportation, like walking or biking, whenever possible.
Client: That's a good idea! I'll give it a try and see if it helps me stay more active.",,
24,"Therapist: Good day! How are you feeling today?
Client: I'm feeling a bit discouraged, to be honest.
Client: I've been trying to follow a regular exercise routine, but I keep falling off track.
Therapist: It's normal to face setbacks. Remember, progress is not always linear.
Therapist: Instead of focusing on strict routines, try to incorporate physical activity into your daily life in a more flexible way.
Client: I see. So, it's not about following a specific schedule but rather finding opportunities to move more?
Therapist: Exactly! Whether it's taking the stairs instead of the elevator or going for a walk during lunch breaks, every little bit adds up.
Client: I hadn't thought of it that way. I'll shift my mindset and look for more opportunities to be active.",,
25,"Therapist: Hi there! How have you been?
Client: I'm doing alright, thanks for asking.
Client: But I've been struggling to find activities that I enjoy doing for exercise.
Therapist: Finding activities you enjoy is crucial for long-term adherence to a physical activity routine.
Therapist: Have you explored different options? Maybe there's something you haven't tried yet.
Client: I've mostly focused on traditional workouts, like running and lifting weights.
Client: But I find them repetitive and not very enjoyable.
Therapist: It's important to experiment with different activities until you find what resonates with you.
Therapist: Have you considered trying dance classes, martial arts, or even outdoor activities like hiking or swimming?
Client: Those sound more appealing. I'll give them a try and see if I find something that sparks my interest.",,
26,"Therapist: Hello! How are you today?
Client: I'm feeling a bit discouraged about my physical activity progress.
Client: I've been working out regularly, but I haven't seen the results I was expecting.
Therapist: It's important to remember that physical activity offers various benefits beyond just visible changes.
Therapist: It improves cardiovascular health, boosts mood, and enhances overall well-being.
Client: I understand that, but I can't help but feel demotivated when I don't see the physical changes.
Therapist: It's normal to have such feelings, but try to shift your focus from solely external changes to the positive impact it's having on your overall health.
Client: You're right. I shouldn't let my expectations overshadow the other benefits I'm experiencing.
Client: I'll try to appreciate the non-visible changes and continue with my physical activity routine.",,
27,"Therapist: Hi there! How are you today?
Client: I'm doing well, thank you. How about you?
Therapist: I'm glad to hear that. How have you been progressing with your physical activity goals?
Client: Things have been going really well. I've been more active lately.
Client: I've started incorporating some jogging into my walks, and it's been challenging but rewarding.
Therapist: That's fantastic! Jogging can help improve your cardiovascular fitness and contribute to weight management.
Therapist: Keep up the great work, and you'll continue to see improvements in your overall health and well-being.",,
28,"Therapist: Hello! How are you today?
Client: I'm doing well, thank you. How about you?
Therapist: I'm glad to hear that. How has your progress been with your physical activity goals?
Client: It's been going really well. I've been actively incorporating jogging into my walks.
Client: Not only is it a great way to challenge myself, but I've also noticed improved sleep quality.
Therapist: That's wonderful to hear! Regular physical activity, including jogging, can have a positive impact on your sleep patterns.
Therapist: Keep up the great work, and you'll continue to enjoy the benefits of your increased physical activity level.",,
29,"Therapist: Hello! Welcome back.
Client: Thank you, it's good to be here. How are you?
Therapist: I'm doing well, thank you. I'm glad to hear that you're keeping busy with your studies.
Therapist: Speaking of which, today we're going to discuss your short-term physical activity goals.
Therapist: These are the goals you'll aim to achieve each week.
Client: Okay, how does that work exactly?
Therapist: Each week, we want you to increase your daily step count goal by 20%.
Therapist: So, if your baseline is 5,000 steps per day, your short-term goal for week one is to walk 6,000 steps per day.
Client: Okay. Why only 20%? If I feel really motivated, can't I walk more than that?
Therapist: While feeling motivated is great, we want to emphasize gradual increases in physical activity for safety purposes.
Therapist: For now, let's focus on reaching each week's goal.
Client: That makes sense. I'll do my best to meet the goals.
Therapist: That's great to hear. We can also discuss strategies for staying motivated along the way.",,
30,"Therapist: Hello! Welcome back.
Client: Thank you, you too. How are you?
Therapist: I'm doing well, thank you. I've been keeping busy with the study. Speaking of which, today we'll discuss your short-term physical activity goals.
Therapist: These goals are what you'll aim to achieve each week.
Client: Alright, how does it work?
Therapist: Each week, we want you to increase your daily step count goal by 20%. So, if your baseline is 5,000 steps per day, your week one goal will be 6,000 steps per day.
Client: I see. Why only 20%? Can I walk more if I feel motivated?
Therapist: Gradual increases in physical activity are important for safety. Feeling motivated is wonderful, but for now, let's focus on meeting the weekly goals.
Client: Understood. I'll keep that in mind.
Therapist: How confident are you that you can achieve these short-term goals?
Client: I'm quite confident. Starting with small increases should make it manageable.
Therapist: That's great to hear. We can also discuss strategies to keep you motivated along the way.",,
31,"Therapist: Hello! It's me again.
Client: Hi, how are you?
Therapist: I'm good, keeping very busy with the study. So, your baseline daily steps were about 6,000.
Therapist: How did you do with your short-term step goal of increasing your daily steps by 20% each week?
Client: The first few weeks were okay, but it's getting a bit harder.
Client: Remind me again, what's my long-term step goal? Is it 10,000 steps or 12,000 steps every day?
Therapist: For your case, we encourage you to maintain a 10,000 steps per day goal, but we recommend a 12,000 step goal for people who want to lose weight.
Client: I think a 10,000-step goal is good for me.
Therapist: Great. You will need an extra 4,000 steps per day, which is about 40 minutes of daily brisk walking. How do you feel about that?
Client: I'm currently hitting almost 9,000 steps per day, so I need to add another 1,000 steps.
Therapist: That's right. How about adding a 10 to 15 minute stroll during your lunch break?
Client: My lunch break is only 30 minutes, but I think I can park my car at the bottom of the hill at work. That's about a 10-minute walk each way.",,
32,"Therapist: Hello! It's me again.
Client: Hi there, how are you?
Therapist: I'm doing well, thank you. How about you?
Client: I've been busy with work, but overall I'm doing alright.
Therapist: That's good to hear. Let's talk about your short-term step goals. Your baseline daily steps were around 8,000.
Therapist: How did you do with your goal of increasing your daily steps by 15% each week?
Client: I started off strong, but I've been struggling to keep up with the increases.
Client: By the way, what's my long-term step goal?
Therapist: Your long-term goal is to reach 12,000 steps per day consistently.
Client: Wow, that's quite a jump from my current steps.
Therapist: It may seem challenging, but let's break it down. You'll need to add around 4,000 more steps per day.
Therapist: How do you feel about that?
Client: It's definitely going to require some effort, but I'm up for the challenge.
Therapist: That's the spirit! We can brainstorm some ideas to help you reach your goal. Any thoughts on how you can incorporate more steps into your daily routine?
Client: I've been considering taking the stairs instead of the elevator and going for short walks during my breaks.
Therapist: Those are great ideas! Small changes like that can make a big difference.",,
33,"Therapist: Thank you so much for taking the time to talk today! I want to discuss setting a new long-term goal for your physical activity.
Client: Sure, that sounds good.
Therapist: Your long-term goal is to complete a 5K run. It won't happen overnight, but the aim is for you to eventually achieve it and maintain your running routine.
Client: That sounds challenging. I'm not sure if I can do it.
Therapist: I understand your concerns. How confident are you that you can reach this goal?
Client: Honestly, I'm not very confident. I'm not used to running regularly.
Therapist: That's alright. The first step is to identify your barriers. Are there any specific challenges you foresee?
Client: Time is a big challenge for me. I have a busy schedule and finding time to run consistently seems difficult.
Therapist: I understand. Let's explore some strategies to overcome this. Have you considered incorporating short runs during your lunch break or after work?
Client: I hadn't thought about that. It could be a possibility.
Therapist: Great! Even a 15-minute run can make a difference. Small steps will gradually build up to your goal.",,
34,"Therapist: Thank you for joining me today. Let's discuss your long-term running goal.
Client: Sure, I'm interested in setting a new goal.
Therapist: Your long-term goal is to complete a half-marathon. It's important to remember that this won't happen overnight.
Client: A half-marathon sounds daunting. I'm not sure if I can do it.
Therapist: It's completely normal to feel that way. How confident are you in your ability to reach this goal?
Client: Honestly, I'm not very confident. I've never run that distance before.
Therapist: That's alright. Let's work on a plan together. What are some challenges you anticipate?
Client: Time is my biggest challenge. I have a demanding job and a busy family life.
Therapist: I understand. One strategy you could consider is waking up earlier to go for a run before your day gets busy. It could be a refreshing start to your mornings.
Client: That's a possibility. I'll need to adjust my sleep schedule, but it might be worth it.",,
35,"Therapist: It's great to see you again. Let's discuss your long-term running goal.
Client: I'm ready to set a new goal for myself.
Therapist: Your long-term goal is to complete a marathon. Remember, this is a long-term commitment.
Client: A marathon? That's a huge distance. I'm not sure if I have what it takes.
Therapist: It's natural to feel that way. How confident are you in your ability to reach this goal?
Client: To be honest, I'm not very confident. Running a marathon seems beyond my capabilities.
Therapist: Don't worry, we'll work on building your confidence and endurance. What challenges do you foresee?
Client: Time is a major challenge for me. I have a demanding job and other commitments.
Therapist: I understand. One strategy you could try is incorporating running into your daily commute. If possible, you could run or bike to work instead of driving or taking public transportation.
Client: That's an interesting idea. It would save time and help me fit in my runs.",,
36,"Therapist: Welcome back! Today, let's discuss your long-term running goal.
Client: I'm excited to set a new goal. What do you have in mind?
Therapist: Your long-term goal is to complete a 10K race. Remember, this is a long-term commitment and will require consistent effort.
Client: A 10K race sounds challenging. I'm not sure if I can run that distance.
Therapist: It's normal to have doubts. How confident are you in your ability to reach this goal?
Client: Honestly, I'm not very confident. I haven't run more than a few kilometers before.
Therapist: That's okay. We'll work on building your endurance gradually. What challenges do you anticipate?
Client: Finding time to run regularly is my main challenge. I have a busy schedule.
Therapist: I understand. One strategy you could try is running during your lunch break or scheduling runs into your calendar as non-negotiable appointments. It's all about prioritizing your goal.
Client: That's a good idea. I can make time during my lunch break for a quick run.",,
37,"Therapist: Thank you for joining me today. Let's discuss your long-term running goal.
Client: I'm ready to set a new goal for myself. What do you have in mind?
Therapist: Your long-term goal is to complete a 5-mile race. Remember, this is a long-term commitment and will require consistent effort.
Client: A 5-mile race? That's a significant distance. I'm not sure if I can run that far.
Therapist: It's normal to feel unsure. How confident are you in your ability to reach this goal?
Client: Honestly, I'm not very confident. I haven't run that distance before.
Therapist: That's okay. We'll work on building your endurance step by step. What challenges do you foresee?
Client: Time is a challenge for me. I have a demanding job and other responsibilities.
Therapist: I understand. One strategy you could consider is waking up earlier to fit in a run before your day gets busy. It could be a peaceful and energizing start to your mornings.
Client: That's a possibility. I can try waking up a bit earlier and see how it goes.",,
39,"Therapist: Hi, Ali. It's nice to see you again. What would you like to work on today?
Client: I've been feeling really anxious and stressed lately. I don't know how to relax.
Therapist: That sounds tough. Have you tried any relaxation techniques before?
Client: I've tried meditation, but I can't seem to clear my mind. And yoga just makes me feel more stressed.
Therapist: Okay, that's understandable. Have you tried deep breathing exercises?
Client: No, I haven't.
Therapist: Well, let's try it now. Take a deep breath in through your nose, hold it for a few seconds, and then exhale through your mouth. Let's do that a few more times together.
Client: Okay, I feel a little better.
Therapist: That's great. Deep breathing can help calm your mind and body. Let's try some other techniques as well, like progressive muscle relaxation. I'll guide you through it.
Client: Okay, thank you.",,
40,"Therapist: Hi, Rachel. Thanks for coming in today.
Client: No problem.
Therapist: So, what would you like to work on today?
Client: Well, I've been having trouble sleeping lately. I think I need to start getting better sleep.
Therapist: I understand. What are some things that you've tried in the past to improve your sleep?
Client: I've tried drinking tea and reading before bed, but they don't seem to work.
Therapist: Okay. Have you tried any relaxation techniques, like progressive muscle relaxation or guided imagery?
Client: No, I haven't. But I'm not sure if they would work for me.
Therapist: I see. What if we tried something a bit more practical, like setting a consistent bedtime and wake-up time?
Client: I already have a consistent bedtime, but I tend to stay up later than I should.
Therapist: I understand. What if we set a goal for you to turn off all screens (phone, TV, computer) at least 30 minutes before bedtime?
Client: Okay, I could try that.
Therapist: Great. And what about creating a relaxing bedtime routine, like taking a warm bath or doing some gentle stretches?
Client: That could work, too.
Therapist: Excellent. Let's set a goal for you to implement these changes for one week and then check in next session to see how they worked for you.
Client: Okay, that sounds good.
Therapist: Perfect. I'm looking forward to hearing about your progress next time we meet.",,
41,"Therapist: Hi there, how are you today?
Client: I'm doing pretty well, thanks for asking.
Therapist: Great to hear. So, what brings you in today?
Client: I really want to start running more regularly. I'm just not sure where to start.
Therapist: I see. Well, you've taken a great first step by coming in here. What's been holding you back from running more often?
Client: I'm not sure, I guess I just don't know where to begin. I'm also worried about getting injured.
Therapist: Those are understandable concerns. Have you considered working with a running coach to get started?
Client: I hadn't really thought about that, but it might be helpful.
Therapist: Definitely. A running coach can help you set goals and develop a training plan that's tailored to your needs. And as for the injury concern, there are plenty of ways to reduce your risk of injury, such as warming up properly and wearing appropriate footwear.
Client: That's good to know. I'll have to look into finding a coach.
Therapist: Great. And in the meantime, is there anything you can do to start building up your endurance and getting more comfortable with running?
Client: I was thinking about starting with a run/walk program, where I alternate between running and walking until I can build up to running consistently.
Therapist: That's a great idea. And remember, progress takes time, so be patient with yourself and celebrate the small victories along the way.
Client: Thanks, I appreciate the advice.
Therapist: Anytime. Keep me updated on how things go.",,
42,"Therapist: Hi, it's great to see you again.
Client: Thanks, it's good to be back.
Therapist: So, how have things been going with your running since our last session?
Client: I've been struggling to stick with it, to be honest. I just don't feel very motivated.
Therapist: I understand. Running can be tough, especially when you're just starting out. Have you tried setting specific goals for yourself?
Client: Not really, I guess I've just been trying to run as much as I can.
Therapist: Setting specific, measurable goals can help give you something to work towards and help you stay motivated. For example, you could set a goal to run a certain distance or for a certain amount of time each week.
Client: That's a good idea. I think I'll try that.
Therapist: And remember, it's important to be kind to yourself and not beat yourself up if you have an off day or don't meet your goals right away.
Client: Yeah, that's definitely something I struggle with.
Therapist: It's okay, we all have those days. Just remember to be gentle with yourself and keep pushing forward.
Client: Thanks, I really appreciate your encouragement.
Therapist: Of course, that's what I'm here for.",,
43,"Therapist: Hello! Thank you for taking the time to talk to me today.
Client: No problem.
Therapist: How do you feel about your progress with physical activity so far?
Client: I've been working out a lot, but I'm not sure if I'm doing enough or how much I've actually done.
Therapist: Tracking your physical activity is essential for achieving your long-term goals.
Therapist: There are various ways to track your activity. For example, you can simply write down your daily activity in a journal or use a voice recorder if writing is challenging for you.
Client: It seems like a tedious process.
Therapist: Technology can also be beneficial. Did you know that many people use personal physical activity trackers like Fitbit, Apple Watch, or other pedometers? They're quite popular.
Client: I didn't realize they were that popular.
Client: I might consider looking into one.
Therapist: That's a good idea. These devices often connect to smartphone apps, allowing you to track your progress and store all your activity data in one place. Some even offer additional features like mapping your walking routes and tracking elevation changes.
Client: Cool! I'll check it out. Thanks!",,
44,"Therapist: Hello. How have you been?
Client: Oh well. My husband was diagnosed with colon cancer. I'm feeling overwhelmed and haven't done much exercise over the past two weeks. I feel like I should be with my husband rather than taking a walk by myself.
Therapist: I'm sorry to hear that you're going through a difficult time. It's understandable that you're feeling stressed. How's your own overall health?
Client: Not so great. I'm so stressed out and can't sleep at night.
Therapist: You know, regular physical activity can improve your sleep and reduce anxiety and stress, even in challenging times like this. Even 10 to 15 minutes per day is better than not exercising at all. How about starting with a little exercise to see how you feel? It could be as simple as taking a short walk around your neighborhood.
Client: Okay, I guess I can try.
Therapist: Great. Take care and talk to you soon.",,
45,"Therapist: Hello! How are you feeling after your surgery?
Patient: I'm doing okay, but I'm still in the recovery process. It's been challenging to stay active.
Therapist: I understand that it can be difficult after surgery. The key is to start slow and gradually increase your activity level. Have you discussed with your doctor about any specific exercise goals?
Patient: Not yet. I'm not sure what I should aim for.
Therapist: It's important to work with your doctor or a physical Therapist to set realistic goals. They can help you determine what exercises are safe and appropriate for your recovery. Regular physical activity can enhance your healing process and improve your overall well-being. Let's schedule an appointment with your doctor to discuss your exercise goals further.",,
46,"Therapist: Hi there! How have you been since your surgery?
Patient: It's been a challenging journey, but I'm starting to regain my strength. I'm interested in incorporating exercise into my recovery process.
Therapist: That's great to hear! Exercise can play a significant role in your post-surgery recovery. It's essential to start with gentle exercises, such as walking or stretching, and gradually increase the intensity as your body allows. Have you spoken with your doctor about any specific exercise guidelines?
Patient: Not yet, but I would like to know what exercises would be suitable for me at this stage.
Therapist: I recommend scheduling an appointment with your doctor or a physical Therapist. They can assess your condition and provide personalized exercise recommendations. They will ensure that you engage in activities that promote healing and minimize any risks. Let's prioritize setting up that appointment so you can get started on your exercise journey.",,
47,"Therapist: Hello! How are you doing post-surgery?
Patient: It's been a challenging recovery, but I'm determined to regain my strength and mobility. I want to incorporate exercise into my routine.
Therapist: That's a wonderful goal! Exercise can have numerous benefits for your recovery. It's crucial to listen to your body and start with gentle movements that don't strain your incision site or affected areas. Have you discussed with your doctor about the types of exercises you can do?
Patient: Not yet, but I'm eager to learn what exercises would be safe and effective for me.
Therapist: I suggest reaching out to your doctor or a physical Therapist who can guide you through the appropriate exercises for your specific condition. They will consider your surgical procedure, current limitations, and design a tailored exercise plan to aid your recovery. With their guidance, you'll be able to gradually increase your activity level and regain your strength. Let's make that call to your doctor and get started on your exercise journey.",,
48,"Therapist: Hi, how are you?
Patient: Okay, but I am a bit embarrassed.
Therapist: Thank you for sharing your feelings with me. Why are you embarrassed?
Patient: I have not done much walking lately.
Therapist: That's okay. Most people slip away from their regular exercise once in a while. A key is to go back to your activity routine. Are there any specific reasons you stopped being active?
Patient: Not really. I know physical activity is good for me, but I am just not motivated.
Therapist: Have you shared your feelings and struggles with your family and friends?
Patient: No, but I can talk to my wife.
Therapist: Great! Knowing your feelings and struggles is the first step to getting back to your activity routine. You have done such a great job in the past, and I believe you can do it again. How do you feel?
Patient: I will try.",,
49,"Therapist: Hi, how are you today?
Patient: Okay, but I feel a bit embarrassed.
Therapist: Thank you for sharing that. Can you tell me why you're feeling embarrassed?
Patient: I haven't been keeping up with my physical activity lately.
Therapist: It's normal to have periods when we're not as active as we'd like. The important thing is to refocus and get back on track. Is there any particular reason why you've been less motivated?
Patient: Not really. I know exercise is important, but I just haven't felt motivated.
Therapist: Have you talked about your struggles with your loved ones or friends?
Patient: No, I haven't shared it with anyone yet.
Therapist: Consider discussing it with your wife or someone close to you. Opening up can provide support and encouragement. Remember, you've made progress in the past, and I believe you can do it again. How do you feel about giving it another try?
Patient: I'm willing to give it a shot.",,
50,"Therapist: Hello, how are you doing today?
Patient: I'm okay, but I'm feeling a bit embarrassed.
Therapist: Thank you for being open with me. Can you share why you're feeling embarrassed?
Patient: I haven't been consistent with my physical activity lately.
Therapist: It's alright to have periods when our motivation dips. The important thing is to acknowledge it and take steps to get back on track. Have you discussed your lack of motivation with anyone?
Patient: Not yet, but I can talk to my wife about it.
Therapist: That's a good idea. Sharing your feelings and struggles can provide valuable support. Remember, you've shown dedication in the past, and I believe in your ability to regain your motivation. How do you feel about making an effort to restart your activity routine?
Patient: I'm willing to try and get back into it.",,
